,file_name,ZP,state
74,Blast_PCRM_R13-0131.BMP,3,0
148,Blast_PCRM_R14-0369a.BMP,2,0
143,Blast_PCRM_R14-0354a.BMP,2,0
88,Blast_PCRM_R13-0261.BMP,2,0
243,Blast_PCRM_d5.16.BMP,3,0
61,Blast_PCRM_R13-0073A.BMP,3,0
81,Blast_PCRM_R13-0218a.BMP,2,0
42,Blast_PCRM_R13-0006B.BMP,3,0
203,Blast_PCRM_R16-0297B.BMP,2,0
221,Blast_PCRM_2 x 2AB d5 left.BMP,2,0
102,Blast_PCRM_R13-0447a.BMP,2,0
207,Blast_PCRM_R16-0336A.BMP,3,0
76,Blast_PCRM_R13-0140b.BMP,3,0
106,Blast_PCRM_R13-0524.BMP,3,0
176,Blast_PCRM_R16-0109b.BMP,3,0
191,Blast_PCRM_R16-0228B.BMP,3,0
113,Blast_PCRM_R14-0073.BMP,3,0
167,Blast_PCRM_R16-0048a.BMP,3,0
115,Blast_PCRM_R14-0110.BMP,4,0
70,Blast_PCRM_R13-0090.BMP,3,0
23,Blast_PCRM_R12-0338a.BMP,2,0
124,Blast_PCRM_R14-0214.BMP,4,0
51,Blast_PCRM_R13-0027.BMP,3,0
192,Blast_PCRM_R16-0233B.BMP,2,0
168,Blast_PCRM_R16-0071b.BMP,4,0
101,Blast_PCRM_R13-0410b.BMP,2,0
141,Blast_PCRM_R14-0351.BMP,3,0
64,Blast_PCRM_R13-0077B.BMP,2,0
152,Blast_PCRM_R14-0379.BMP,3,0
118,Blast_PCRM_R14-0118.BMP,3,0
27,Blast_PCRM_R12-0354.BMP,4,0
142,Blast_PCRM_R14-0353a.BMP,4,0
224,Blast_PCRM_1202041 D5.BMP,2,0
196,Blast_PCRM_R16-0253A.BMP,3,0
177,Blast_PCRM_R16-0115b.BMP,4,0
57,Blast_PCRM_R13-0057A.BMP,3,0
193,Blast_PCRM_R16-0244A.BMP,3,0
34,Blast_PCRM_R12-0464b.BMP,2,0
36,Blast_PCRM_R12-0499b.BMP,3,0
8,Blast_PCRM_R12-0236.BMP,3,0
28,Blast_PCRM_R12-0358a.BMP,3,0
181,Blast_PCRM_R16-0148a.BMP,2,0
126,Blast_PCRM_R14-0239.BMP,4,0
185,Blast_PCRM_R16-0195A.BMP,4,0
153,Blast_PCRM_R14-0388a.BMP,3,0
89,Blast_PCRM_R13-0298.BMP,4,0
225,Blast_PCRM_1202043 D5.BMP,2,0
232,Blast_PCRM_1202833 D5.BMP,3,0
212,Blast_PCRM_R16-0398A.BMP,3,0
40,Blast_PCRM_R13-0005.BMP,2,0
91,Blast_PCRM_R13-0312.BMP,3,0
33,Blast_PCRM_R12-0463b.BMP,2,0
114,Blast_PCRM_R14-0090.BMP,3,0
234,Blast_PCRM_1202835 D6.BMP,3,0
83,Blast_PCRM_R13-0235a.BMP,3,0
183,Blast_PCRM_R16-0173a.BMP,4,0
180,Blast_PCRM_R16-0138b.BMP,4,0
30,Blast_PCRM_R12-0397a.BMP,4,0
217,Blast_PCRM_R16-0437B.BMP,4,0
145,Blast_PCRM_R14-0362b.BMP,3,0
49,Blast_PCRM_R13-0022.BMP,2,0
5,Blast_PCRM_R12-0221b.BMP,3,0
117,Blast_PCRM_R14-0116.BMP,3,0
134,Blast_PCRM_R14-0326b.BMP,3,0
35,Blast_PCRM_R12-0499a.BMP,3,0
240,Blast_PCRM_d5.12.BMP,3,0
100,Blast_PCRM_R13-0410a.BMP,2,0
165,Blast_PCRM_R16-0030b.BMP,3,0
140,Blast_PCRM_R14-0348a.BMP,4,0
231,Blast_PCRM_1202832 D6.BMP,3,0
146,Blast_PCRM_R14-0364a.BMP,4,0
174,Blast_PCRM_R16-0106b.BMP,3,0
21,Blast_PCRM_R12-0326b.BMP,3,0
211,Blast_PCRM_R16-0367B.BMP,3,0
56,Blast_PCRM_R13-0052B.BMP,2,0
122,Blast_PCRM_R14-0180.BMP,3,0
169,Blast_PCRM_R16-0075a.BMP,2,0
129,Blast_PCRM_R14-0296.BMP,2,0
157,Blast_PCRM_R14-0402b.BMP,3,0
209,Blast_PCRM_R16-0344A.BMP,2,0
29,Blast_PCRM_R12-0358b.BMP,2,0
204,Blast_PCRM_R16-0325B.BMP,2,0
215,Blast_PCRM_R16-0415A.BMP,2,0
79,Blast_PCRM_R13-0167a.BMP,2,0
93,Blast_PCRM_R13-0325.BMP,2,0
138,Blast_PCRM_R14-0335a.BMP,3,0
236,Blast_PCRM_d5.2 left.BMP,2,0
9,Blast_PCRM_R12-0254b.BMP,3,0
66,Blast_PCRM_R13-0079B.BMP,3,0
133,Blast_PCRM_R14-0324b.BMP,2,0
52,Blast_PCRM_R13-0036B.BMP,2,0
55,Blast_PCRM_R13-0052A.BMP,2,0
45,Blast_PCRM_R13-0009B.BMP,2,0
77,Blast_PCRM_R13-0145.BMP,4,0
110,Blast_PCRM_R14-0068.BMP,2,0
11,Blast_PCRM_R12-0266.BMP,4,0
144,Blast_PCRM_R14-0362a.BMP,3,0
220,Blast_PCRM_T16-0326B.BMP,3,0
121,Blast_PCRM_R14-0175.BMP,4,0
0,Blast_PCRM_R12-0137.BMP,4,0
68,Blast_PCRM_R13-0081B.BMP,3,0
223,Blast_PCRM_1201754 D5.BMP,2,0
222,Blast_PCRM_2 x 2AB d5 right.BMP,2,0
229,Blast_PCRM_1202591 D5.BMP,3,0
108,Blast_PCRM_R14-0033.BMP,2,0
164,Blast_PCRM_R16-0023a.BMP,4,0
15,Blast_PCRM_R12-0296.BMP,4,0
99,Blast_PCRM_R13-0393.BMP,4,0
107,Blast_PCRM_R13-0564.BMP,4,0
161,Blast_PCRM_R14-0411a.BMP,4,0
127,Blast_PCRM_R14-0273.BMP,2,0
179,Blast_PCRM_R16-0138a.BMP,4,0
98,Blast_PCRM_R13-0385b.BMP,3,0
170,Blast_PCRM_R16-0090a.BMP,3,0
116,Blast_PCRM_R14-0114.BMP,2,0
186,Blast_PCRM_R16-0198A.BMP,2,0
104,Blast_PCRM_R13-0494a.BMP,3,0
206,Blast_PCRM_R16-0330A.BMP,3,0
53,Blast_PCRM_R13-0044.BMP,3,0
241,Blast_PCRM_d5.13.BMP,2,0
160,Blast_PCRM_R14-0409b.BMP,3,0
237,Blast_PCRM_d5.2 right.BMP,2,0
182,Blast_PCRM_R16-0157a.BMP,4,0
131,Blast_PCRM_R14-0323.BMP,4,0
150,Blast_PCRM_R14-0374a.BMP,4,0
228,Blast_PCRM_1202184 D5.BMP,3,0
63,Blast_PCRM_R13-0077A.BMP,3,0
84,Blast_PCRM_R13-0235b.BMP,2,0
201,Blast_PCRM_R16-0276A.BMP,3,0
26,Blast_PCRM_R12-0348a.BMP,4,0
166,Blast_PCRM_R16-0037a.BMP,2,0
20,Blast_PCRM_R12-0316b.BMP,4,0
7,Blast_PCRM_R12-0223b.BMP,3,0
162,Blast_PCRM_R14-0414b.BMP,4,0
248,Blast_PCRM_d5.29.BMP,2,0
87,Blast_PCRM_R13-0237b.BMP,3,0
31,Blast_PCRM_R12-0397b.BMP,2,0
97,Blast_PCRM_R13-0383b.BMP,2,0
210,Blast_PCRM_R16-0347A.BMP,2,0
59,Blast_PCRM_R13-0065A.BMP,2,0
43,Blast_PCRM_R13-0008B.BMP,2,0
69,Blast_PCRM_R13-0083.BMP,4,0
41,Blast_PCRM_R13-0006A.BMP,2,0
44,Blast_PCRM_R13-0009A.BMP,3,0
135,Blast_PCRM_R14-0327a.BMP,2,0
189,Blast_PCRM_R16-0204A.BMP,3,0
32,Blast_PCRM_R12-0463a.BMP,2,0
246,Blast_PCRM_d5.24.BMP,4,0
19,Blast_PCRM_R12-0316a.BMP,3,0
125,Blast_PCRM_R14-0238.BMP,2,0
24,Blast_PCRM_R12-0338b.BMP,2,0
245,Blast_PCRM_d5.22.BMP,2,0
4,Blast_PCRM_R12-0221a.BMP,3,0
171,Blast_PCRM_R16-0091b.BMP,2,0
112,Blast_PCRM_R14-0070.BMP,2,0
233,Blast_PCRM_1202834 D5.BMP,3,0
71,Blast_PCRM_R13-0097.BMP,3,0
72,Blast_PCRM_R13-0127.BMP,4,0
82,Blast_PCRM_R13-0232.BMP,4,0
136,Blast_PCRM_R14-0328a.BMP,3,0
54,Blast_PCRM_R13-0051A.BMP,3,0
22,Blast_PCRM_R12-0335.BMP,3,0
198,Blast_PCRM_R16-0265B.BMP,4,0
156,Blast_PCRM_R14-0396c.BMP,4,0
123,Blast_PCRM_R14-0186.BMP,4,0
103,Blast_PCRM_R13-0459.BMP,2,0
205,Blast_PCRM_R16-0326B.BMP,3,0
130,Blast_PCRM_R14-0302.BMP,2,0
48,Blast_PCRM_R13-0019.BMP,3,0
85,Blast_PCRM_R13-0236a.BMP,4,0
38,Blast_PCRM_R12-0508b.BMP,4,0
172,Blast_PCRM_R16-0099a.BMP,4,0
119,Blast_PCRM_R14-0121.BMP,4,0
111,Blast_PCRM_R14-0069a.BMP,3,0
214,Blast_PCRM_R16-0405B.BMP,3,0
75,Blast_PCRM_R13-0140a.BMP,3,0
47,Blast_PCRM_R13-0018a.BMP,3,0
208,Blast_PCRM_R16-0342A.BMP,3,0
10,Blast_PCRM_R12-0259.BMP,3,0
50,Blast_PCRM_R13-0026.BMP,4,0
239,Blast_PCRM_d5.4.BMP,4,0
16,Blast_PCRM_R12-0306a.BMP,3,0
39,Blast_PCRM_R12-0519b.BMP,3,0
178,Blast_PCRM_R16-0133a.BMP,4,0
194,Blast_PCRM_R16-0247A.BMP,4,0
151,Blast_PCRM_R14-0374b.BMP,4,0
37,Blast_PCRM_R12-0508a.BMP,3,0
235,Blast_PCRM_d5.1.BMP,3,0
173,Blast_PCRM_R16-0099b.BMP,4,0
149,Blast_PCRM_R14-0370a.BMP,4,0
175,Blast_PCRM_R16-0108a.BMP,3,0
120,Blast_PCRM_R14-0163.BMP,2,0
158,Blast_PCRM_R14-0404a.BMP,3,0
202,Blast_PCRM_R16-0294A.BMP,3,0
105,Blast_PCRM_R13-0507a.BMP,3,0
213,Blast_PCRM_R16-0404B.BMP,4,0
96,Blast_PCRM_R13-0383a.BMP,3,0
188,Blast_PCRM_R16-0200A.BMP,3,0
147,Blast_PCRM_R14-0367b.BMP,2,0
218,Blast_PCRM_R16-0448A.BMP,3,0
80,Blast_PCRM_R13-0167b.BMP,2,0
219,Blast_PCRM_T16-0325B.BMP,4,0
95,Blast_PCRM_R13-0351.BMP,3,0
244,Blast_PCRM_d5.17.BMP,2,0
65,Blast_PCRM_R13-0079A.BMP,3,0
3,Blast_PCRM_R12-0173b.BMP,2,0
128,Blast_PCRM_R14-0294.BMP,3,0
184,Blast_PCRM_R16-0191A.BMP,2,0
197,Blast_PCRM_R16-0255A.BMP,3,0
94,Blast_PCRM_R13-0348.BMP,3,0
73,Blast_PCRM_R13-0129b.BMP,3,0
226,Blast_PCRM_1202182 D5.BMP,4,1
17,Blast_PCRM_R12-0306b.BMP,2,1
12,Blast_PCRM_R12-0268a.BMP,3,1
46,Blast_PCRM_R13-0014A.BMP,2,1
195,Blast_PCRM_R16-0247B.BMP,2,1
14,Blast_PCRM_R12-0293a.BMP,2,1
190,Blast_PCRM_R16-0228A.BMP,4,1
199,Blast_PCRM_R16-0270A.BMP,3,1
18,Blast_PCRM_R12-0315.BMP,3,1
137,Blast_PCRM_R14-0328b.BMP,3,1
2,Blast_PCRM_R12-0173a.BMP,3,1
247,Blast_PCRM_d5.26.BMP,4,1
1,Blast_PCRM_R12-0160.BMP,4,1
60,Blast_PCRM_R13-0065B.BMP,2,1
92,Blast_PCRM_R13-0322b.BMP,3,1
187,Blast_PCRM_R16-0199A.BMP,3,1
86,Blast_PCRM_R13-0236b.BMP,4,1
238,Blast_PCRM_d5.3.BMP,3,1
25,Blast_PCRM_R12-0347a.BMP,3,1
13,Blast_PCRM_R12-0268b.BMP,3,1
90,Blast_PCRM_R13-0309b.BMP,2,1
132,Blast_PCRM_R14-0324a.BMP,3,1
78,Blast_PCRM_R13-0163.BMP,3,1
200,Blast_PCRM_R16-0274A.BMP,3,1
230,Blast_PCRM_1202695 D5.BMP,2,1
139,Blast_PCRM_R14-0342b.BMP,3,1
6,Blast_PCRM_R12-0223a.BMP,4,1
109,Blast_PCRM_R14-0044.BMP,2,1
159,Blast_PCRM_R14-0405b.BMP,2,1
67,Blast_PCRM_R13-0081A.BMP,2,1
155,Blast_PCRM_R14-0394a.BMP,3,1
163,Blast_PCRM_R14-0423a.BMP,4,1
242,Blast_PCRM_d5.14.BMP,4,1
58,Blast_PCRM_R13-0058B.BMP,3,1
227,Blast_PCRM_1202183 D5.BMP,3,1
154,Blast_PCRM_R14-0392a.BMP,2,1
62,Blast_PCRM_R13-0074B.BMP,2,1
216,Blast_PCRM_R16-0421A.BMP,4,1
